#NO_PRODUCTS, NO_STORES
50,100
#PRODUCT_NO, QUANTITY_TO_BUY
0,18
1,20
2,11
3,49
4,49
5,1
6,17
7,38
8,46
9,42
10,22
11,48
12,28
13,48
14,14
15,21
16,50
17,23
18,48
19,38
20,48
21,36
22,24
23,23
24,42
25,3
26,42
27,45
28,30
29,29
30,3
31,2
32,10
33,11
34,33
35,3
36,17
37,4
38,35
39,13
40,21
41,6
42,25
43,37
44,31
45,10
46,41
47,1
48,29
49,4
#STORE_NO, DELIVERY_PRICE
0,0.27
1,4.74
2,7.68
3,4.06
4,9.51
5,2.82
6,8.19
7,8.36
8,7.17
9,3.88
10,2.87
11,0.05
12,6.6
13,0.94
14,7.18
15,5.68
16,5.77
17,4.06
18,9.35
19,7.37
20,0.09
21,2.88
22,4.31
23,1.71
24,8.81
25,3.42
26,4.23
27,0.41
28,9.39
29,0.22
30,6.83
31,7.96
32,1.04
33,9.65
34,7.2
35,0.8
36,8.15
37,3.22
38,2.65
39,9.3
40,5.54
41,1.75
42,6.56
43,1.26
44,4.73
45,6.47
46,1.95
47,2.43
48,8.09
49,9.08
50,1.07
51,3.46
52,2.19
53,5.28
54,8.98
55,6.61
56,9.28
57,6.22
58,8.6
59,2.22
60,8.83
61,6.62
62,2.65
63,9.72
64,5.49
65,3.32
66,3.03
67,0.11
68,0.66
69,2.34
70,0.22
71,3.78
72,2.25
73,0.17
74,4.24
75,6.75
76,7.42
77,9.68
78,2.9
79,9.53
80,7.42
81,4.44
82,7.05
83,8.84
84,7.14
85,5.38
86,0.27
87,2.35
88,3.68
89,0.44
90,7.65
91,8.11
92,1.56
93,7.23
94,9.78
95,5.98
96,1.88
97,3.6
98,2.89
99,6.43
#MATRIX OF PRICES (ROWS STORES - COLUMNS PRODUCTS)
16.89,0.0,0.0,0.0,0.0,0.0,45.82,25.26,15.74,0.0,0.0,0.0,0.0,0.0,46.75,45.66,0.0,0.0,0.0,7.07,0.0,0.0,0.0,0.0,35.6,0.0,0.0,0.0,0.0,5.91,0.0,22.76,0.0,0.0,0.0,0.0,28.83,0.0,0.0,25.63,0.0,34.25,0.0,0.0,0.0,0.0,0.0,0.0,0.0,0.0,
0.0,34.13,0.0,0.0,0.0,25.16,6.11,0.0,0.0,0.0,0.0,31.16,0.0,0.0,0.0,0.0,0.0,0.0,0.0,0.0,0.0,0.0,0.0,0.0,33.35,0.0,29.11,0.0,0.0,43.85,18.83,0.0,0.0,47.56,0.0,39.44,38.89,0.0,0.0,0.0,0.0,49.54,0.0,0.0,0.0,0.0,30.58,0.0,0.0,0.0,
0.0,10.61,0.0,0.0,0.0,0.0,0.0,0.0,0.0,17.37,0.0,0.0,0.0,0.0,0.0,0.0,33.0,0.0,23.76,0.0,0.0,0.0,0.0,0.0,40.16,0.0,23.15,0.0,0.0,8.43,0.0,0.0,0.0,0.0,15.64,48.45,21.52,0.0,0.0,14.3,0.0,0.0,0.0,8.64,7.97,26.38,0.0,0.0,0.0,13.08,
49.9,0.0,0.0,41.24,0.0,18.42,0.0,48.48,7.83,0.0,26.92,0.0,0.0,36.02,0.0,0.0,0.0,0.0,0.0,34.73,0.0,0.0,0.0,17.38,0.0,0.0,19.16,12.95,0.0,0.0,15.51,0.0,21.75,0.0,0.0,0.0,0.0,35.57,0.0,0.0,0.0,0.0,0.0,0.0,0.0,0.0,0.0,0.0,0.0,7.4,
0.0,0.0,0.0,18.28,46.57,49.62,0.0,0.0,0.0,45.98,23.55,0.0,0.0,0.0,0.0,0.0,0.0,47.25,0.0,0.0,0.0,0.0,0.0,0.0,47.17,0.0,23.17,9.35,35.47,0.0,20.36,0.0,0.0,0.0,0.0,0.0,0.0,30.8,0.0,0.0,43.76,32.96,0.0,8.17,6.98,0.0,0.0,0.0,0.0,0.0,
0.0,31.38,0.0,0.0,0.0,0.0,21.28,0.0,0.0,0.0,0.0,0.0,0.0,14.88,0.0,0.0,0.0,20.4,0.0,35.56,0.0,22.84,0.0,38.52,20.87,22.51,0.0,0.0,0.0,0.0,0.0,0.0,0.0,0.0,15.88,0.0,0.0,0.0,0.0,43.42,0.0,40.62,0.0,0.0,0.0,0.0,43.77,0.0,0.0,31.06,
11.92,42.62,0.0,0.0,0.0,34.11,0.0,16.8,0.0,0.0,0.0,11.81,35.33,0.0,0.0,0.0,0.0,0.0,0.0,0.0,12.09,40.28,20.16,0.0,0.0,0.0,0.0,0.0,0.0,0.0,0.0,0.0,0.0,0.0,36.76,0.0,0.0,0.0,43.81,0.0,0.0,21.43,29.49,0.0,0.0,0.0,20.79,0.0,38.5,35.74,
0.0,28.43,0.0,18.48,0.0,0.0,36.2,14.06,33.48,40.84,0.0,0.0,0.0,18.32,12.11,0.0,27.34,23.95,47.87,0.0,40.84,0.0,0.0,0.0,7.16,16.65,0.0,0.0,43.57,23.17,0.0,0.0,0.0,0.0,13.15,0.0,35.21,0.0,0.0,0.0,6.03,0.0,33.33,26.09,25.99,36.29,0.0,0.0,0.0,0.0,
0.0,0.0,19.2,7.85,0.0,34.5,0.0,15.84,0.0,0.0,0.0,0.0,15.02,0.0,6.6,0.0,15.59,0.0,0.0,17.7,10.74,10.13,0.0,0.0,0.0,0.0,6.47,0.0,14.5,0.0,0.0,0.0,17.13,0.0,0.0,34.41,0.0,0.0,0.0,27.6,0.0,33.65,0.0,0.0,0.0,14.92,11.94,0.0,0.0,0.0,
0.0,0.0,0.0,0.0,47.39,0.0,0.0,0.0,39.97,0.0,0.0,0.0,0.0,5.68,7.88,33.28,0.0,28.92,0.0,38.28,29.67,44.46,0.0,0.0,0.0,0.0,0.0,0.0,0.0,30.88,0.0,0.0,21.3,40.96,0.0,36.87,0.0,0.0,0.0,0.0,0.0,0.0,0.0,0.0,0.0,0.0,42.2,0.0,11.61,31.5,
41.02,0.0,0.0,0.0,7.86,44.39,8.18,0.0,0.0,0.0,22.95,20.05,0.0,0.0,0.0,42.71,0.0,0.0,33.25,0.0,0.0,38.04,0.0,0.0,0.0,37.21,37.97,0.0,0.0,0.0,0.0,22.42,0.0,0.0,26.57,0.0,16.82,0.0,0.0,46.91,39.33,20.07,0.0,24.33,0.0,6.12,0.0,35.22,0.0,0.0,
19.27,0.0,0.0,0.0,0.0,20.84,21.05,0.0,38.15,0.0,0.0,0.0,0.0,43.6,0.0,0.0,43.76,29.5,0.0,0.0,0.0,0.0,16.36,26.65,0.0,6.48,18.45,40.91,25.52,30.39,21.16,0.0,0.0,20.45,0.0,0.0,0.0,0.0,6.09,0.0,0.0,24.26,0.0,0.0,28.91,0.0,0.0,0.0,0.0,44.2,
38.91,0.0,0.0,0.0,0.0,0.0,36.61,0.0,7.59,33.8,0.0,24.37,34.13,0.0,0.0,8.96,0.0,47.2,10.41,19.81,0.0,18.78,0.0,0.0,0.0,10.04,15.4,0.0,0.0,0.0,0.0,0.0,0.0,21.22,0.0,0.0,0.0,0.0,0.0,0.0,47.75,0.0,0.0,14.07,0.0,0.0,22.27,7.26,0.0,0.0,
0.0,0.0,0.0,0.0,0.0,7.94,0.0,38.39,0.0,0.0,0.0,0.0,0.0,0.0,0.0,0.0,35.71,0.0,6.54,0.0,0.0,0.0,0.0,36.41,0.0,0.0,0.0,43.12,13.41,0.0,0.0,0.0,0.0,0.0,0.0,0.0,0.0,0.0,12.56,9.97,8.56,42.59,0.0,0.0,0.0,0.0,7.86,16.2,29.7,0.0,
0.0,39.8,0.0,0.0,13.16,27.62,24.61,0.0,0.0,0.0,33.15,0.0,5.32,8.2,0.0,11.81,0.0,22.55,0.0,0.0,0.0,0.0,0.0,0.0,0.0,0.0,0.0,0.0,0.0,21.13,0.0,49.88,0.0,0.0,38.24,32.39,9.59,19.98,11.04,0.0,0.0,27.79,0.0,0.0,0.0,0.0,0.0,0.0,10.93,0.0,
25.14,16.18,0.0,48.79,0.0,35.35,0.0,0.0,0.0,0.0,0.0,11.91,0.0,0.0,0.0,0.0,0.0,36.38,27.08,24.81,0.0,17.23,0.0,42.08,13.53,21.05,0.0,8.61,0.0,0.0,30.83,31.55,0.0,11.76,36.41,0.0,19.59,28.48,46.61,0.0,20.54,5.14,21.42,0.0,0.0,29.36,35.75,0.0,0.0,25.54,
0.0,0.0,0.0,0.0,0.0,20.69,20.23,0.0,0.0,0.0,47.0,35.09,40.04,49.83,0.0,44.27,0.0,0.0,0.0,0.0,10.91,21.01,48.77,37.27,38.02,9.67,0.0,0.0,0.0,0.0,0.0,26.91,0.0,30.75,19.06,14.15,11.6,7.92,0.0,5.95,0.0,0.0,19.83,32.44,0.0,0.0,0.0,26.36,8.7,0.0,
0.0,0.0,0.0,0.0,0.0,0.0,0.0,7.04,0.0,0.0,0.0,0.0,0.0,21.5,0.0,0.0,0.0,0.0,0.0,9.75,0.0,19.71,0.0,0.0,0.0,0.0,45.81,0.0,0.0,0.0,0.0,0.0,0.0,27.18,41.97,0.0,46.41,0.0,28.13,0.0,0.0,44.55,7.49,0.0,0.0,0.0,0.0,46.77,0.0,0.0,
0.0,0.0,0.0,0.0,0.0,42.17,26.56,0.0,28.57,0.0,0.0,0.0,8.04,31.99,0.0,0.0,0.0,0.0,0.0,0.0,0.0,0.0,19.52,0.0,6.61,0.0,0.0,0.0,0.0,0.0,0.0,0.0,0.0,0.0,16.6,0.0,0.0,0.0,0.0,0.0,0.0,0.0,7.21,12.55,22.03,0.0,0.0,0.0,0.0,0.0,
0.0,0.0,0.0,0.0,0.0,23.04,46.59,20.13,0.0,41.86,0.0,24.81,41.72,16.32,0.0,0.0,25.37,0.0,22.8,0.0,15.69,0.0,19.16,0.0,6.9,29.06,44.88,25.55,19.48,6.79,0.0,46.7,0.0,0.0,0.0,0.0,0.0,5.11,29.23,0.0,0.0,0.0,48.93,0.0,0.0,13.77,0.0,38.03,0.0,49.66,
15.11,0.0,0.0,0.0,0.0,0.0,0.0,16.48,0.0,44.97,7.23,0.0,0.0,0.0,0.0,0.0,0.0,7.81,14.6,0.0,13.34,0.0,0.0,40.64,44.98,0.0,9.32,48.77,0.0,14.18,0.0,0.0,0.0,0.0,8.66,0.0,47.13,0.0,0.0,0.0,28.25,0.0,7.13,0.0,0.0,0.0,0.0,0.0,0.0,23.47,
0.0,29.3,48.49,0.0,47.8,7.77,48.44,0.0,44.78,12.74,38.49,15.61,0.0,30.35,12.63,0.0,0.0,0.0,0.0,0.0,14.33,40.08,0.0,0.0,29.56,36.81,0.0,0.0,0.0,13.39,49.26,0.0,0.0,0.0,0.0,0.0,0.0,0.0,22.42,43.59,0.0,22.82,0.0,0.0,0.0,0.0,17.94,0.0,48.73,0.0,
47.58,0.0,46.15,0.0,37.22,0.0,0.0,0.0,0.0,0.0,0.0,0.0,0.0,25.43,38.31,0.0,25.48,0.0,0.0,0.0,45.06,0.0,28.97,20.1,0.0,43.4,48.63,0.0,0.0,0.0,20.31,0.0,17.42,37.71,29.63,0.0,26.09,18.41,16.82,0.0,10.15,0.0,20.17,28.1,0.0,0.0,12.21,0.0,24.28,0.0,
49.6,0.0,45.95,0.0,0.0,0.0,7.73,0.0,0.0,10.05,0.0,19.01,19.62,47.6,0.0,20.95,0.0,0.0,0.0,0.0,0.0,47.67,0.0,0.0,0.0,6.88,0.0,0.0,0.0,0.0,17.09,0.0,0.0,13.94,10.23,0.0,39.74,0.0,35.49,0.0,0.0,28.97,0.0,47.66,30.14,0.0,0.0,41.95,49.19,47.75,
0.0,0.0,6.45,0.0,0.0,0.0,49.85,14.84,0.0,9.29,0.0,0.0,0.0,8.13,0.0,42.01,47.29,35.77,0.0,33.09,11.55,5.25,39.77,0.0,0.0,41.92,5.7,0.0,0.0,7.61,7.2,5.97,20.09,0.0,0.0,48.02,25.86,24.98,0.0,10.87,0.0,0.0,37.23,0.0,37.97,0.0,0.0,0.0,46.04,0.0,
0.0,0.0,20.34,0.0,0.0,0.0,0.0,0.0,43.54,0.0,45.14,14.4,0.0,20.44,0.0,0.0,32.64,15.39,0.0,0.0,11.09,17.03,32.09,44.64,38.96,0.0,37.51,0.0,0.0,0.0,0.0,0.0,0.0,0.0,25.18,0.0,0.0,38.24,5.41,0.0,29.58,0.0,0.0,0.0,16.28,0.0,13.4,0.0,12.09,0.0,
0.0,0.0,26.79,0.0,0.0,0.0,0.0,13.75,43.79,46.26,0.0,46.06,0.0,0.0,0.0,26.54,9.88,12.75,16.35,0.0,7.03,0.0,45.37,0.0,34.73,0.0,0.0,37.67,45.26,0.0,11.23,12.7,8.3,0.0,0.0,0.0,0.0,49.31,0.0,0.0,0.0,0.0,0.0,28.78,0.0,38.75,0.0,24.79,0.0,23.66,
0.0,6.58,0.0,0.0,0.0,0.0,0.0,32.18,0.0,0.0,44.94,0.0,0.0,12.2,36.94,39.9,8.21,0.0,0.0,0.0,0.0,0.0,5.85,0.0,0.0,0.0,0.0,0.0,16.95,0.0,34.9,37.1,0.0,0.0,21.97,39.88,0.0,0.0,0.0,0.0,0.0,0.0,0.0,0.0,14.91,0.0,29.39,0.0,0.0,49.33,
0.0,0.0,44.47,0.0,0.0,0.0,0.0,0.0,0.0,33.36,0.0,0.0,10.56,37.51,28.81,0.0,22.9,8.47,25.53,23.01,0.0,0.0,0.0,43.86,42.41,0.0,0.0,0.0,10.45,11.17,19.29,0.0,0.0,0.0,0.0,0.0,0.0,0.0,0.0,0.0,0.0,38.74,19.49,43.17,0.0,32.13,41.62,0.0,0.0,0.0,
0.0,0.0,0.0,0.0,0.0,0.0,0.0,0.0,0.0,0.0,0.0,0.0,0.0,0.0,14.74,0.0,0.0,0.0,5.62,0.0,0.0,20.73,23.34,47.94,0.0,42.85,29.47,47.13,0.0,0.0,29.62,49.35,0.0,0.0,15.96,0.0,42.48,0.0,0.0,0.0,47.6,0.0,36.95,0.0,0.0,0.0,0.0,27.61,26.25,0.0,
0.0,11.17,32.89,0.0,0.0,0.0,0.0,8.78,0.0,33.51,6.5,0.0,0.0,0.0,0.0,47.28,9.49,0.0,0.0,0.0,0.0,0.0,14.51,0.0,26.12,0.0,0.0,0.0,43.36,0.0,31.03,0.0,0.0,0.0,0.0,0.0,0.0,0.0,0.0,0.0,42.82,0.0,0.0,42.92,0.0,0.0,0.0,0.0,20.93,0.0,
42.96,0.0,0.0,41.37,20.24,0.0,0.0,22.52,0.0,43.44,0.0,0.0,0.0,6.98,0.0,0.0,22.82,0.0,40.69,0.0,0.0,12.05,24.14,14.09,48.06,0.0,38.33,0.0,0.0,0.0,16.48,0.0,0.0,0.0,34.21,29.26,0.0,36.5,0.0,37.15,0.0,0.0,32.76,0.0,0.0,0.0,0.0,31.02,0.0,36.91,
32.92,10.16,0.0,0.0,12.27,22.96,0.0,0.0,0.0,33.77,48.8,42.29,0.0,48.93,0.0,0.0,30.64,0.0,46.37,40.63,0.0,30.93,9.71,0.0,0.0,0.0,0.0,0.0,0.0,0.0,0.0,0.0,24.64,0.0,0.0,0.0,0.0,0.0,42.76,0.0,0.0,13.18,43.47,10.11,0.0,0.0,0.0,0.0,0.0,0.0,
49.38,36.67,0.0,0.0,24.53,0.0,0.0,0.0,0.0,0.0,12.8,32.68,45.75,36.53,0.0,0.0,35.6,0.0,9.39,0.0,0.0,24.3,20.21,46.65,0.0,0.0,40.46,0.0,0.0,0.0,0.0,36.05,0.0,0.0,16.81,0.0,31.53,0.0,0.0,0.0,0.0,18.25,28.85,30.67,37.01,30.96,0.0,0.0,0.0,0.0,
27.49,0.0,0.0,0.0,26.82,0.0,0.0,37.86,41.83,35.22,0.0,15.55,0.0,33.91,0.0,35.46,0.0,0.0,0.0,0.0,14.32,11.83,13.45,34.76,0.0,0.0,0.0,0.0,11.11,0.0,0.0,0.0,24.26,0.0,0.0,0.0,0.0,0.0,0.0,0.0,0.0,0.0,0.0,7.18,26.75,0.0,0.0,0.0,34.53,16.06,
0.0,18.19,0.0,15.38,0.0,0.0,0.0,0.0,0.0,48.3,32.46,0.0,14.54,0.0,0.0,0.0,35.02,33.5,33.32,0.0,0.0,21.13,0.0,22.12,0.0,0.0,31.7,0.0,0.0,0.0,0.0,0.0,16.37,27.48,0.0,17.44,0.0,0.0,0.0,0.0,0.0,31.21,32.23,37.2,0.0,0.0,41.41,10.61,34.17,0.0,
0.0,0.0,0.0,0.0,0.0,0.0,0.0,0.0,35.22,0.0,0.0,0.0,33.73,0.0,0.0,0.0,13.06,47.41,0.0,0.0,0.0,0.0,0.0,0.0,26.82,0.0,0.0,34.69,0.0,0.0,0.0,9.91,0.0,0.0,0.0,19.34,44.06,0.0,0.0,45.41,25.12,6.76,0.0,0.0,0.0,0.0,0.0,0.0,0.0,0.0,
0.0,15.71,46.01,0.0,39.37,0.0,0.0,28.8,0.0,28.39,0.0,44.37,0.0,49.63,44.26,0.0,0.0,0.0,45.63,0.0,48.58,0.0,33.78,0.0,20.36,0.0,12.68,5.17,0.0,0.0,0.0,0.0,43.82,37.06,0.0,0.0,41.09,0.0,0.0,0.0,17.71,29.76,0.0,0.0,43.8,0.0,0.0,7.18,0.0,25.57,
0.0,0.0,0.0,44.77,0.0,34.76,0.0,0.0,0.0,0.0,0.0,43.12,0.0,31.85,0.0,13.46,0.0,11.25,30.26,0.0,0.0,0.0,10.26,30.48,0.0,0.0,0.0,0.0,0.0,0.0,17.97,47.0,0.0,0.0,0.0,49.12,0.0,0.0,0.0,0.0,0.0,11.47,0.0,33.33,6.89,0.0,0.0,0.0,0.0,47.48,
0.0,0.0,49.6,0.0,0.0,0.0,30.22,14.19,0.0,0.0,0.0,0.0,0.0,20.27,0.0,14.18,0.0,0.0,0.0,0.0,0.0,6.44,30.56,33.1,25.3,42.98,0.0,38.24,0.0,0.0,0.0,0.0,35.7,35.47,0.0,36.31,0.0,5.41,0.0,0.0,0.0,45.44,0.0,0.0,0.0,0.0,46.65,9.47,0.0,0.0,
0.0,13.29,0.0,11.53,0.0,35.67,0.0,8.48,38.52,24.32,0.0,0.0,0.0,47.12,0.0,37.25,0.0,27.3,44.88,16.84,8.24,23.85,19.21,0.0,0.0,0.0,0.0,0.0,5.83,30.05,0.0,44.53,0.0,0.0,0.0,8.67,0.0,0.0,49.71,0.0,0.0,0.0,0.0,0.0,18.12,0.0,0.0,16.68,12.19,0.0,
14.92,0.0,0.0,6.23,41.89,15.39,0.0,15.93,38.75,43.72,19.42,0.0,42.75,33.88,45.03,0.0,0.0,13.97,0.0,0.0,0.0,0.0,0.0,0.0,35.62,35.0,5.48,0.0,0.0,12.73,11.6,35.85,0.0,0.0,0.0,0.0,39.84,8.19,0.0,0.0,0.0,46.4,45.85,0.0,17.21,48.76,0.0,0.0,0.0,0.0,
37.15,47.98,0.0,0.0,0.0,0.0,29.77,11.58,45.48,0.0,0.0,0.0,0.0,0.0,20.01,0.0,0.0,13.38,0.0,0.0,0.0,0.0,0.0,0.0,0.0,33.48,0.0,0.0,0.0,0.0,47.53,28.77,0.0,0.0,0.0,23.88,29.02,0.0,27.48,0.0,17.47,0.0,0.0,0.0,0.0,0.0,0.0,0.0,19.56,12.73,
0.0,0.0,34.36,43.86,22.53,0.0,0.0,0.0,0.0,47.86,0.0,0.0,46.53,0.0,0.0,37.84,45.59,0.0,0.0,30.85,0.0,24.13,12.59,0.0,0.0,0.0,0.0,10.34,0.0,32.55,0.0,0.0,0.0,27.0,0.0,19.09,8.82,0.0,0.0,0.0,0.0,31.85,0.0,42.13,0.0,35.03,0.0,29.95,0.0,30.47,
12.88,48.57,0.0,0.0,0.0,10.86,0.0,39.43,0.0,0.0,0.0,0.0,17.15,0.0,13.7,0.0,0.0,0.0,48.45,28.46,31.57,0.0,0.0,11.61,47.77,0.0,24.58,48.44,0.0,0.0,33.46,17.17,0.0,0.0,17.1,0.0,48.35,35.07,27.2,0.0,17.95,0.0,49.47,0.0,0.0,0.0,0.0,0.0,48.04,0.0,
0.0,0.0,0.0,0.0,0.0,0.0,0.0,7.19,0.0,0.0,0.0,0.0,0.0,31.16,7.47,0.0,0.0,28.72,31.48,0.0,0.0,5.14,0.0,0.0,0.0,0.0,0.0,0.0,40.42,7.73,12.76,32.41,26.22,18.16,21.35,0.0,0.0,21.18,37.15,0.0,0.0,0.0,0.0,25.55,30.47,0.0,0.0,0.0,0.0,15.96,
8.8,49.54,10.32,22.43,0.0,18.96,0.0,0.0,0.0,0.0,0.0,0.0,0.0,0.0,0.0,20.58,0.0,0.0,0.0,0.0,38.07,40.35,41.03,0.0,36.94,0.0,0.0,36.4,0.0,6.72,0.0,0.0,0.0,0.0,0.0,0.0,0.0,0.0,0.0,0.0,0.0,17.48,0.0,0.0,0.0,0.0,0.0,38.02,0.0,36.2,
0.0,0.0,13.11,0.0,22.3,0.0,17.56,0.0,0.0,48.38,40.92,0.0,0.0,0.0,0.0,0.0,0.0,40.82,0.0,0.0,0.0,0.0,0.0,33.1,0.0,31.67,0.0,47.79,42.77,44.08,0.0,0.0,0.0,0.0,34.83,49.72,43.27,0.0,0.0,0.0,25.79,0.0,49.6,0.0,0.0,0.0,0.0,0.0,37.02,0.0,
0.0,42.95,0.0,0.0,0.0,0.0,0.0,0.0,0.0,0.0,0.0,29.66,0.0,0.0,0.0,0.0,0.0,0.0,0.0,0.0,0.0,0.0,0.0,0.0,12.28,0.0,32.16,6.29,0.0,27.96,47.38,0.0,0.0,49.64,0.0,10.56,20.93,14.26,0.0,43.13,0.0,0.0,7.75,48.61,0.0,0.0,0.0,8.87,0.0,43.48,
0.0,0.0,0.0,9.65,0.0,0.0,8.73,0.0,0.0,0.0,0.0,11.99,49.77,0.0,12.07,0.0,44.85,0.0,0.0,42.69,0.0,0.0,28.23,0.0,12.26,0.0,0.0,0.0,0.0,0.0,11.39,20.72,49.22,16.71,0.0,0.0,0.0,0.0,0.0,0.0,40.59,18.46,0.0,0.0,0.0,0.0,0.0,0.0,0.0,0.0,
0.0,0.0,0.0,0.0,0.0,0.0,28.39,42.26,0.0,0.0,0.0,0.0,30.12,0.0,0.0,45.63,28.18,0.0,0.0,14.09,0.0,0.0,0.0,23.22,47.96,0.0,13.96,0.0,41.28,47.73,0.0,0.0,0.0,0.0,0.0,43.09,30.9,12.8,0.0,0.0,0.0,44.4,0.0,0.0,0.0,39.46,23.47,40.56,0.0,0.0,
0.0,0.0,12.32,12.66,0.0,0.0,31.43,48.58,0.0,36.46,19.76,42.77,13.74,20.57,0.0,0.0,0.0,0.0,0.0,41.16,0.0,44.01,0.0,0.0,28.59,17.96,0.0,16.68,0.0,0.0,0.0,8.42,0.0,0.0,39.06,0.0,46.01,8.42,0.0,0.0,16.62,23.45,0.0,0.0,0.0,0.0,40.05,46.92,0.0,0.0,
0.0,0.0,0.0,0.0,20.91,0.0,36.58,0.0,37.72,0.0,0.0,0.0,0.0,15.31,10.34,0.0,36.39,0.0,0.0,0.0,26.41,43.56,0.0,40.54,0.0,44.19,16.88,0.0,33.17,0.0,31.63,42.62,0.0,0.0,12.42,0.0,13.24,0.0,0.0,0.0,25.5,0.0,33.44,22.96,0.0,11.27,0.0,28.08,22.61,0.0,
16.32,17.0,21.24,0.0,0.0,5.37,0.0,0.0,0.0,12.99,0.0,0.0,0.0,30.93,0.0,0.0,0.0,0.0,40.96,8.25,0.0,47.04,14.54,14.9,0.0,0.0,0.0,37.91,0.0,49.72,0.0,0.0,38.63,30.66,0.0,0.0,0.0,27.91,0.0,0.0,0.0,0.0,47.64,43.61,49.56,0.0,6.4,15.04,22.1,0.0,
0.0,0.0,0.0,0.0,20.78,0.0,19.0,39.08,0.0,43.78,24.95,0.0,0.0,0.0,26.34,5.35,0.0,0.0,0.0,23.22,37.53,0.0,18.03,41.7,16.54,38.23,20.0,0.0,0.0,38.81,16.85,0.0,0.0,43.96,0.0,20.31,38.52,0.0,0.0,0.0,0.0,0.0,0.0,0.0,38.04,0.0,41.71,0.0,32.92,0.0,
40.04,0.0,0.0,0.0,47.31,0.0,0.0,49.36,0.0,0.0,44.0,0.0,32.7,0.0,0.0,0.0,42.89,0.0,0.0,0.0,0.0,0.0,0.0,6.57,0.0,37.08,47.52,0.0,0.0,0.0,0.0,0.0,0.0,0.0,0.0,0.0,0.0,0.0,7.48,47.76,0.0,0.0,0.0,0.0,0.0,22.89,0.0,0.0,46.0,19.49,
6.89,0.0,0.0,10.99,0.0,0.0,0.0,37.54,15.53,0.0,0.0,0.0,21.61,15.03,0.0,24.68,0.0,0.0,48.78,17.06,14.35,0.0,15.56,0.0,26.08,0.0,0.0,0.0,0.0,0.0,26.83,0.0,0.0,0.0,0.0,0.0,0.0,49.44,31.9,18.23,0.0,0.0,0.0,0.0,0.0,0.0,0.0,0.0,0.0,0.0,
0.0,0.0,0.0,0.0,0.0,15.58,0.0,43.69,14.36,0.0,32.42,21.52,16.46,10.55,0.0,29.79,0.0,0.0,17.87,0.0,0.0,29.35,0.0,12.49,0.0,0.0,34.99,0.0,38.7,0.0,21.53,0.0,26.48,0.0,23.63,0.0,0.0,48.62,0.0,34.22,0.0,46.15,0.0,36.07,0.0,32.86,0.0,0.0,0.0,30.64,
0.0,7.08,0.0,21.64,39.88,36.23,0.0,28.13,31.54,0.0,0.0,30.2,0.0,0.0,0.0,15.04,37.23,21.99,0.0,42.34,33.99,0.0,0.0,0.0,16.84,35.07,32.32,0.0,0.0,22.12,0.0,0.0,0.0,0.0,43.88,0.0,0.0,0.0,0.0,32.93,49.82,0.0,0.0,0.0,0.0,0.0,44.58,0.0,0.0,0.0,
0.0,0.0,16.01,0.0,34.44,36.55,0.0,0.0,32.78,0.0,5.11,17.82,0.0,0.0,11.37,0.0,0.0,23.85,0.0,48.94,0.0,0.0,0.0,0.0,0.0,41.99,0.0,0.0,0.0,46.99,0.0,0.0,9.38,0.0,0.0,0.0,31.79,0.0,29.82,31.76,0.0,0.0,0.0,0.0,38.08,20.27,0.0,0.0,0.0,0.0,
0.0,45.91,0.0,0.0,44.31,0.0,18.03,15.69,0.0,37.13,22.78,6.59,49.69,0.0,12.98,0.0,0.0,0.0,49.71,0.0,0.0,0.0,13.92,30.35,27.06,27.22,0.0,0.0,48.83,24.32,0.0,36.58,45.0,9.46,38.68,48.99,22.38,0.0,0.0,0.0,6.78,16.7,0.0,41.39,34.66,0.0,0.0,0.0,9.04,46.04,
0.0,20.8,0.0,22.9,0.0,12.58,0.0,45.4,0.0,0.0,6.13,0.0,0.0,18.05,0.0,17.97,0.0,0.0,0.0,7.32,23.66,0.0,0.0,0.0,6.22,0.0,26.19,34.48,25.12,17.58,22.85,0.0,25.08,20.31,0.0,7.44,6.66,30.05,13.5,0.0,0.0,23.71,0.0,8.31,0.0,44.94,6.42,0.0,0.0,22.85,
28.65,25.54,0.0,0.0,0.0,0.0,39.05,0.0,0.0,0.0,0.0,17.98,0.0,22.17,26.0,0.0,28.21,0.0,15.25,18.85,0.0,37.59,0.0,0.0,0.0,0.0,0.0,0.0,0.0,0.0,0.0,0.0,0.0,0.0,0.0,41.51,34.55,33.17,17.49,7.59,0.0,8.13,22.37,47.51,0.0,0.0,14.33,35.03,42.18,0.0,
33.88,0.0,0.0,0.0,0.0,0.0,28.72,0.0,0.0,49.54,0.0,0.0,0.0,7.04,46.55,0.0,43.64,0.0,10.65,48.13,0.0,37.33,41.56,50.01,9.0,33.32,0.0,0.0,0.0,0.0,30.89,0.0,0.0,0.0,49.04,0.0,40.83,10.33,0.0,34.97,0.0,45.06,0.0,16.84,0.0,0.0,43.55,0.0,37.5,35.68,
0.0,0.0,0.0,7.12,20.5,0.0,13.09,0.0,0.0,18.62,28.77,0.0,0.0,35.08,0.0,0.0,0.0,14.44,0.0,0.0,49.84,41.06,0.0,0.0,0.0,8.85,0.0,0.0,0.0,44.81,0.0,0.0,22.81,0.0,0.0,0.0,0.0,0.0,24.43,0.0,14.97,0.0,20.93,0.0,0.0,21.31,0.0,43.07,24.52,0.0,
0.0,0.0,38.97,20.3,0.0,0.0,0.0,0.0,40.98,0.0,20.26,0.0,29.14,0.0,0.0,0.0,0.0,45.37,0.0,0.0,0.0,0.0,30.81,0.0,0.0,0.0,0.0,0.0,0.0,13.75,20.2,0.0,0.0,0.0,37.68,0.0,0.0,0.0,0.0,0.0,0.0,0.0,0.0,0.0,0.0,0.0,13.0,41.74,0.0,0.0,
0.0,28.12,0.0,30.74,0.0,0.0,0.0,44.08,0.0,20.99,45.26,0.0,0.0,7.44,0.0,29.36,0.0,0.0,0.0,0.0,0.0,0.0,0.0,16.09,0.0,0.0,10.34,9.71,13.45,0.0,0.0,0.0,0.0,0.0,47.89,32.28,21.03,0.0,0.0,0.0,0.0,30.88,0.0,0.0,40.52,0.0,33.43,0.0,0.0,0.0,
0.0,0.0,5.22,0.0,0.0,30.24,0.0,42.43,0.0,15.09,0.0,0.0,0.0,33.7,32.6,0.0,0.0,48.19,0.0,33.63,0.0,0.0,35.7,0.0,22.05,0.0,5.99,0.0,36.19,0.0,0.0,0.0,0.0,0.0,0.0,0.0,40.8,7.01,0.0,7.71,46.16,22.6,0.0,47.39,0.0,17.92,25.89,0.0,6.83,17.14,
18.21,39.16,0.0,0.0,0.0,34.26,36.07,0.0,30.91,0.0,0.0,11.5,0.0,11.94,49.05,0.0,0.0,0.0,0.0,0.0,0.0,0.0,0.0,30.09,0.0,0.0,0.0,0.0,0.0,5.58,30.5,12.87,45.22,0.0,5.98,10.92,34.05,17.86,43.25,0.0,0.0,0.0,20.62,0.0,7.28,0.0,24.73,15.56,30.33,0.0,
0.0,29.04,0.0,0.0,36.92,10.99,0.0,0.0,0.0,23.54,29.59,0.0,40.79,9.2,0.0,0.0,0.0,0.0,0.0,0.0,20.49,0.0,0.0,0.0,0.0,23.5,19.93,16.68,15.87,0.0,20.74,0.0,28.04,0.0,0.0,39.9,0.0,0.0,0.0,0.0,41.39,37.35,0.0,0.0,25.77,0.0,37.17,11.83,0.0,17.43,
46.55,0.0,0.0,15.62,0.0,0.0,0.0,0.0,0.0,0.0,14.8,0.0,0.0,0.0,0.0,26.57,44.44,0.0,0.0,0.0,0.0,6.3,0.0,20.05,0.0,0.0,0.0,49.58,36.41,35.18,22.2,0.0,0.0,34.17,12.3,0.0,0.0,0.0,0.0,32.22,0.0,0.0,12.85,10.98,6.08,0.0,41.33,0.0,36.28,0.0,
0.0,0.0,0.0,0.0,0.0,40.25,0.0,0.0,0.0,0.0,0.0,7.29,0.0,18.99,15.24,0.0,0.0,45.79,0.0,35.04,0.0,0.0,30.9,15.19,0.0,29.39,0.0,0.0,19.75,0.0,19.5,35.16,0.0,17.59,0.0,0.0,35.95,24.25,48.12,0.0,0.0,21.94,19.2,0.0,0.0,0.0,15.29,0.0,32.46,0.0,
0.0,0.0,0.0,0.0,0.0,0.0,43.35,0.0,0.0,0.0,19.83,0.0,0.0,40.34,0.0,46.3,0.0,0.0,0.0,42.38,0.0,46.83,0.0,0.0,0.0,32.34,0.0,0.0,0.0,0.0,0.0,0.0,0.0,0.0,25.77,45.38,28.37,25.2,0.0,24.57,0.0,0.0,38.93,0.0,42.44,19.84,0.0,0.0,0.0,0.0,
6.6,0.0,0.0,17.89,0.0,0.0,20.95,0.0,0.0,16.36,0.0,0.0,0.0,21.78,35.59,0.0,29.81,0.0,0.0,45.14,28.96,0.0,46.34,0.0,0.0,0.0,43.46,30.3,0.0,0.0,46.1,0.0,0.0,0.0,0.0,0.0,0.0,44.38,0.0,0.0,0.0,0.0,0.0,0.0,8.4,0.0,16.51,35.68,39.16,0.0,
0.0,0.0,43.37,0.0,34.78,45.11,33.52,0.0,0.0,13.12,0.0,0.0,29.2,0.0,0.0,0.0,0.0,36.15,0.0,7.81,15.93,0.0,0.0,0.0,14.58,24.72,0.0,38.44,12.96,0.0,13.06,6.2,11.72,32.68,44.71,45.86,17.0,25.94,12.71,0.0,0.0,0.0,0.0,9.78,26.9,0.0,0.0,0.0,44.5,0.0,
0.0,0.0,18.41,0.0,0.0,0.0,17.59,11.21,0.0,5.92,31.79,41.55,5.95,36.64,0.0,0.0,0.0,0.0,0.0,0.0,0.0,0.0,24.77,23.26,26.83,0.0,21.15,0.0,0.0,0.0,29.54,0.0,0.0,32.78,47.28,0.0,8.69,0.0,0.0,32.12,0.0,0.0,0.0,0.0,0.0,0.0,0.0,48.18,0.0,0.0,
0.0,41.39,36.53,0.0,0.0,37.71,5.65,0.0,0.0,0.0,0.0,18.8,0.0,0.0,0.0,0.0,5.19,0.0,0.0,17.69,24.28,6.53,0.0,0.0,0.0,0.0,0.0,0.0,0.0,0.0,0.0,0.0,0.0,48.26,0.0,48.06,0.0,18.37,0.0,0.0,0.0,0.0,0.0,0.0,33.34,0.0,0.0,0.0,0.0,28.21,
0.0,19.95,0.0,48.1,0.0,27.54,0.0,0.0,0.0,45.09,0.0,25.67,0.0,33.46,37.39,0.0,32.89,17.7,16.29,0.0,15.85,0.0,0.0,14.7,0.0,0.0,25.16,27.65,46.81,16.83,0.0,0.0,6.12,22.65,0.0,40.6,0.0,0.0,10.28,0.0,9.2,0.0,0.0,0.0,0.0,25.46,16.04,0.0,0.0,0.0,
0.0,0.0,35.84,0.0,28.44,0.0,0.0,29.37,39.3,0.0,0.0,0.0,0.0,0.0,39.16,40.93,0.0,16.44,0.0,15.43,0.0,0.0,35.48,38.79,45.04,40.05,0.0,0.0,44.86,0.0,0.0,0.0,0.0,11.03,0.0,0.0,0.0,0.0,7.87,0.0,0.0,16.06,45.54,46.37,29.98,0.0,0.0,34.7,20.09,0.0,
16.4,0.0,23.14,0.0,0.0,0.0,12.12,0.0,0.0,27.05,0.0,0.0,24.75,48.84,0.0,0.0,0.0,0.0,0.0,0.0,22.47,44.18,0.0,20.63,0.0,5.98,6.82,0.0,17.2,0.0,0.0,19.8,0.0,0.0,0.0,32.7,0.0,0.0,0.0,0.0,20.87,0.0,0.0,0.0,11.74,0.0,5.26,0.0,0.0,46.13,
17.95,0.0,6.5,0.0,0.0,22.25,0.0,21.89,0.0,0.0,0.0,13.34,43.47,43.02,25.66,41.73,46.04,30.03,0.0,0.0,19.16,0.0,0.0,0.0,0.0,47.94,50.04,0.0,21.36,0.0,0.0,0.0,0.0,22.28,0.0,0.0,6.29,0.0,0.0,8.73,44.84,0.0,0.0,0.0,45.44,0.0,35.2,25.02,14.16,0.0,
0.0,0.0,0.0,0.0,0.0,9.02,37.81,0.0,0.0,0.0,0.0,25.49,0.0,0.0,0.0,0.0,0.0,17.92,0.0,0.0,17.08,0.0,0.0,14.21,0.0,0.0,23.08,0.0,0.0,0.0,0.0,44.92,0.0,39.05,27.19,0.0,0.0,15.93,0.0,0.0,0.0,26.32,19.2,39.64,48.1,0.0,0.0,0.0,47.36,28.65,
0.0,22.99,0.0,41.54,0.0,11.27,26.37,0.0,0.0,0.0,0.0,43.47,44.82,0.0,0.0,0.0,0.0,0.0,24.73,0.0,36.1,10.08,0.0,21.89,0.0,0.0,0.0,0.0,0.0,0.0,0.0,0.0,42.87,49.14,0.0,0.0,0.0,47.07,0.0,0.0,0.0,6.05,19.94,0.0,0.0,15.94,0.0,33.3,28.55,0.0,
0.0,0.0,0.0,28.57,0.0,13.48,0.0,49.98,7.35,0.0,0.0,0.0,0.0,23.25,37.47,0.0,8.64,0.0,0.0,14.43,0.0,21.4,0.0,0.0,0.0,46.52,44.7,9.2,0.0,0.0,30.87,20.1,0.0,18.77,29.29,6.39,0.0,15.8,8.12,0.0,31.15,0.0,0.0,0.0,0.0,26.49,0.0,6.09,39.0,0.0,
0.0,0.0,0.0,32.68,27.39,0.0,0.0,0.0,0.0,6.87,0.0,0.0,0.0,0.0,0.0,0.0,0.0,0.0,0.0,5.82,0.0,0.0,25.05,0.0,0.0,17.01,0.0,13.92,26.49,0.0,0.0,0.0,42.53,0.0,0.0,0.0,0.0,32.15,31.36,0.0,0.0,43.68,44.6,0.0,0.0,0.0,0.0,7.98,0.0,0.0,
0.0,26.4,0.0,8.16,30.6,0.0,0.0,27.04,40.33,0.0,18.65,36.23,0.0,0.0,47.53,0.0,0.0,0.0,0.0,0.0,30.6,0.0,0.0,8.14,0.0,0.0,16.43,0.0,25.94,16.79,30.8,0.0,0.0,0.0,0.0,25.33,0.0,35.4,0.0,38.06,11.06,27.9,0.0,0.0,25.23,0.0,43.48,0.0,26.46,0.0,
0.0,0.0,0.0,0.0,31.62,0.0,0.0,46.98,0.0,25.0,17.41,0.0,32.58,0.0,19.14,0.0,0.0,12.92,0.0,0.0,16.81,0.0,0.0,33.89,0.0,14.86,0.0,0.0,38.46,39.02,0.0,19.66,22.63,38.06,0.0,0.0,22.92,0.0,0.0,0.0,0.0,0.0,0.0,33.88,0.0,0.0,0.0,0.0,0.0,0.0,
0.0,0.0,0.0,37.9,42.38,26.93,0.0,12.73,0.0,40.34,10.97,38.66,0.0,37.74,25.36,0.0,0.0,0.0,0.0,0.0,0.0,0.0,48.19,0.0,0.0,0.0,11.64,0.0,0.0,0.0,0.0,0.0,0.0,22.37,9.08,13.97,16.8,0.0,36.25,46.62,24.94,0.0,9.88,0.0,0.0,0.0,35.8,6.0,0.0,29.32,
35.75,30.63,42.27,14.56,0.0,24.07,19.46,0.0,36.5,0.0,23.13,0.0,0.0,0.0,0.0,10.79,0.0,0.0,22.25,36.99,8.68,21.14,25.61,13.08,0.0,0.0,0.0,0.0,0.0,0.0,0.0,0.0,34.86,30.92,0.0,30.1,22.73,0.0,14.97,0.0,0.0,0.0,0.0,34.26,0.0,30.67,34.55,0.0,20.48,0.0,
39.74,12.73,10.68,0.0,0.0,0.0,0.0,0.0,22.9,0.0,11.62,28.02,24.95,0.0,0.0,0.0,12.39,0.0,0.0,38.45,0.0,0.0,0.0,0.0,0.0,8.28,0.0,20.25,0.0,40.64,0.0,22.17,0.0,0.0,0.0,8.36,0.0,0.0,40.48,21.47,0.0,0.0,41.61,0.0,0.0,0.0,0.0,0.0,0.0,0.0,
17.09,18.03,37.08,43.79,0.0,40.39,0.0,0.0,0.0,0.0,33.33,0.0,46.54,0.0,0.0,43.62,0.0,18.3,0.0,42.48,41.91,14.41,0.0,6.27,0.0,0.0,0.0,0.0,0.0,43.55,43.78,0.0,0.0,0.0,16.54,49.76,24.34,0.0,0.0,0.0,0.0,0.0,0.0,0.0,0.0,30.93,0.0,40.8,0.0,0.0,
26.4,0.0,40.29,0.0,0.0,45.29,0.0,13.12,0.0,17.34,0.0,0.0,34.21,0.0,35.5,0.0,0.0,26.88,0.0,0.0,0.0,0.0,20.95,5.25,0.0,0.0,0.0,0.0,20.83,42.31,37.17,11.67,0.0,0.0,36.85,44.91,29.81,0.0,45.37,0.0,49.37,44.5,6.64,0.0,7.96,0.0,0.0,0.0,0.0,0.0,
0.0,50.03,0.0,46.27,0.0,42.37,0.0,10.03,0.0,0.0,38.72,0.0,0.0,37.13,0.0,0.0,0.0,0.0,23.41,0.0,10.62,0.0,0.0,35.8,0.0,0.0,41.03,0.0,0.0,0.0,32.19,0.0,36.26,8.37,0.0,0.0,40.32,42.85,0.0,47.31,34.48,0.0,25.59,0.0,0.0,21.9,23.65,0.0,10.75,0.0,
32.01,27.41,37.45,0.0,0.0,34.83,31.11,0.0,0.0,0.0,18.92,0.0,7.94,0.0,0.0,22.5,0.0,10.36,0.0,0.0,9.08,0.0,0.0,0.0,0.0,13.61,0.0,37.48,0.0,0.0,0.0,0.0,6.39,6.97,0.0,26.81,0.0,12.37,0.0,37.6,13.35,0.0,0.0,0.0,22.54,10.15,0.0,47.08,14.32,10.86,
0.0,0.0,0.0,0.0,37.89,40.1,44.73,13.78,0.0,45.67,0.0,0.0,0.0,0.0,0.0,0.0,21.84,0.0,0.0,0.0,0.0,20.46,0.0,0.0,7.29,45.43,0.0,0.0,26.63,0.0,40.23,0.0,0.0,0.0,0.0,15.94,0.0,0.0,0.0,0.0,0.0,8.53,0.0,0.0,10.28,40.61,7.88,0.0,0.0,0.0,
27.87,14.39,0.0,0.0,13.91,0.0,0.0,0.0,0.0,0.0,26.7,0.0,10.56,0.0,49.78,41.11,0.0,17.88,43.94,46.56,0.0,0.0,0.0,0.0,39.31,0.0,0.0,0.0,0.0,12.55,37.2,0.0,0.0,0.0,0.0,0.0,41.39,29.29,26.56,19.21,0.0,25.65,43.97,0.0,20.22,0.0,0.0,0.0,0.0,0.0,
0.0,12.26,0.0,0.0,15.18,0.0,15.04,46.09,26.33,0.0,0.0,13.7,0.0,0.0,11.85,0.0,0.0,0.0,5.32,43.35,0.0,0.0,0.0,0.0,18.92,0.0,0.0,0.0,0.0,0.0,0.0,14.0,11.22,0.0,0.0,0.0,48.89,44.7,0.0,0.0,0.0,43.8,0.0,0.0,0.0,41.84,0.0,12.11,0.0,18.1,
0.0,0.0,6.09,0.0,19.98,0.0,0.0,27.29,35.92,18.27,0.0,0.0,17.42,0.0,0.0,42.08,23.7,15.23,0.0,0.0,10.02,0.0,0.0,11.74,5.92,0.0,0.0,24.15,0.0,0.0,0.0,0.0,35.39,0.0,0.0,0.0,0.0,26.49,20.14,27.6,0.0,39.96,49.57,32.8,46.47,0.0,0.0,0.0,0.0,0.0,
0.0,0.0,49.8,0.0,37.48,0.0,0.0,0.0,40.36,14.85,44.48,0.0,0.0,0.0,17.81,0.0,0.0,0.0,0.0,0.0,21.56,21.71,0.0,0.0,0.0,0.0,37.2,0.0,0.0,27.68,0.0,5.75,33.57,0.0,7.03,0.0,0.0,0.0,0.0,29.13,0.0,0.0,19.8,0.0,6.39,39.71,17.83,8.88,43.61,41.3,
26.25,0.0,47.26,0.0,0.0,0.0,0.0,0.0,0.0,0.0,0.0,0.0,20.26,41.98,21.25,0.0,0.0,11.92,19.91,0.0,0.0,0.0,0.0,0.0,0.0,0.0,0.0,0.0,0.0,47.34,46.13,0.0,0.0,33.37,0.0,0.0,37.95,0.0,27.44,0.0,0.0,0.0,0.0,0.0,39.26,27.35,9.03,0.0,0.0,0.0,
#MATRIX OF AVAILABILITY (ROWS STORES - COLUMNS PRODUCTS)
4,0,0,0,0,0,27,46,22,0,0,0,0,0,20,39,0,0,0,16,0,0,0,0,14,0,0,0,0,22,0,31,0,0,0,0,48,0,0,32,0,40,0,0,0,0,0,0,0,0,
0,42,0,0,0,18,27,0,0,0,0,32,0,0,0,0,0,0,0,0,0,0,0,0,2,0,19,0,0,45,27,0,0,10,0,45,45,0,0,0,0,24,0,0,0,0,50,0,0,0,
0,15,0,0,0,0,0,0,0,50,0,0,0,0,0,0,30,0,46,0,0,0,0,0,20,0,17,0,0,7,0,0,0,0,30,38,6,0,0,21,0,0,0,32,38,7,0,0,0,25,
35,0,0,20,0,49,0,2,25,0,37,0,0,27,0,0,0,0,0,17,0,0,0,49,0,0,23,47,0,0,18,0,20,0,0,0,0,2,0,0,0,0,0,0,0,0,0,0,0,1,
0,0,0,28,9,14,0,0,0,10,33,0,0,0,0,0,0,23,0,0,0,0,0,0,31,0,47,8,13,0,38,0,0,0,0,0,0,34,0,0,22,9,0,13,14,0,0,0,0,0,
0,31,0,0,0,0,17,0,0,0,0,0,0,3,0,0,0,40,0,12,0,13,0,12,25,47,0,0,0,0,0,0,0,0,10,0,0,0,0,9,0,42,0,0,0,0,17,0,0,31,
13,46,0,0,0,14,0,26,0,0,0,9,39,0,0,0,0,0,0,0,36,30,39,0,0,0,0,0,0,0,0,0,0,0,15,0,0,0,2,0,0,11,15,0,0,0,20,0,1,17,
0,21,0,39,0,0,2,11,11,46,0,0,0,46,38,0,33,20,41,0,29,0,0,0,16,4,0,0,1,41,0,0,0,0,17,0,5,0,0,0,36,0,4,16,6,2,0,0,0,0,
0,0,29,20,0,10,0,27,0,0,0,0,18,0,50,0,47,0,0,10,16,38,0,0,0,0,18,0,28,0,0,0,28,0,0,1,0,0,0,3,0,15,0,0,0,1,1,0,0,0,
0,0,0,0,26,0,0,0,24,0,0,0,0,8,19,14,0,10,0,4,33,50,0,0,0,0,0,0,0,10,0,0,11,37,0,46,0,0,0,0,0,0,0,0,0,0,30,0,22,7,
32,0,0,0,44,8,16,0,0,0,2,26,0,0,0,3,0,0,43,0,0,20,0,0,0,17,43,0,0,0,0,46,0,0,27,0,9,0,0,8,23,18,0,25,0,20,0,40,0,0,
7,0,0,0,0,41,28,0,43,0,0,0,0,32,0,0,35,6,0,0,0,0,1,8,0,33,35,27,9,46,37,0,0,47,0,0,0,0,49,0,0,38,0,0,41,0,0,0,0,4,
40,0,0,0,0,0,41,0,28,32,0,34,34,0,0,4,0,6,42,43,0,47,0,0,0,24,23,0,0,0,0,0,0,28,0,0,0,0,0,0,25,0,0,23,0,0,36,31,0,0,
0,0,0,0,0,37,0,2,0,0,0,0,0,0,0,0,6,0,10,0,0,0,0,32,0,0,0,29,6,0,0,0,0,0,0,0,0,0,32,14,17,46,0,0,0,0,35,18,31,0,
0,16,0,0,18,36,16,0,0,0,11,0,30,30,0,26,0,48,0,0,0,0,0,0,0,0,0,0,0,40,0,16,0,0,30,17,7,18,48,0,0,28,0,0,0,0,0,0,12,0,
5,37,0,1,0,48,0,0,0,0,0,45,0,0,0,0,0,9,31,37,0,41,0,26,47,18,0,29,0,0,44,13,0,39,33,0,45,9,18,0,22,4,32,0,0,27,6,0,0,7,
0,0,0,0,0,38,28,0,0,0,33,14,20,43,0,24,0,0,0,0,6,25,16,37,28,16,0,0,0,0,0,7,0,27,12,35,37,9,0,14,0,0,23,44,0,0,0,17,33,0,
0,0,0,0,0,0,0,46,0,0,0,0,0,47,0,0,0,0,0,2,0,44,0,0,0,0,29,0,0,0,0,0,0,2,40,0,17,0,9,0,0,7,8,0,0,0,0,21,0,0,
0,0,0,0,0,37,31,0,38,0,0,0,13,14,0,0,0,0,0,0,0,0,24,0,44,0,0,0,0,0,0,0,0,0,16,0,0,0,0,0,0,0,3,38,33,0,0,0,0,0,
0,0,0,0,0,16,25,27,0,34,0,23,18,42,0,0,50,0,4,0,33,0,30,0,34,46,11,24,31,20,0,8,0,0,0,0,0,47,22,0,0,0,45,0,0,6,0,15,0,16,
42,0,0,0,0,0,0,8,0,33,6,0,0,0,0,0,0,50,43,0,6,0,0,19,1,0,3,12,0,9,0,0,0,0,46,0,2,0,0,0,23,0,20,0,0,0,0,0,0,17,
0,4,17,0,1,35,48,0,7,32,20,24,0,23,33,0,0,0,0,0,17,8,0,0,3,15,0,0,0,5,7,0,0,0,0,0,0,0,3,8,0,28,0,0,0,0,25,0,12,0,
46,0,6,0,5,0,0,0,0,0,0,0,0,4,1,0,47,0,0,0,26,0,40,24,0,44,6,0,0,0,1,0,15,7,24,0,23,12,35,0,5,0,5,36,0,0,27,0,13,0,
31,0,5,0,0,0,44,0,0,32,0,38,40,1,0,49,0,0,0,0,0,25,0,0,0,21,0,0,0,0,28,0,0,24,18,0,28,0,2,0,0,43,0,44,27,0,0,29,29,40,
0,0,16,0,0,0,26,40,0,39,0,0,0,20,0,30,31,28,0,31,36,22,11,0,0,36,21,0,0,19,50,25,22,0,0,41,21,21,0,18,0,0,14,0,29,0,0,0,19,0,
0,0,7,0,0,0,0,0,5,0,48,13,0,29,0,0,30,36,0,0,7,47,33,28,15,0,34,0,0,0,0,0,0,0,9,0,0,19,42,0,22,0,0,0,41,0,23,0,20,0,
0,0,33,0,0,0,0,3,24,3,0,7,0,0,0,48,43,13,1,0,24,0,7,0,7,0,0,1,39,0,28,31,32,0,0,0,0,27,0,0,0,0,0,31,0,24,0,35,0,48,
0,41,0,0,0,0,0,46,0,0,7,0,0,31,8,8,28,0,0,0,0,0,7,0,0,0,0,0,22,0,35,25,0,0,19,38,0,0,0,0,0,0,0,0,40,0,36,0,0,8,
0,0,17,0,0,0,0,0,0,27,0,0,11,37,36,0,46,9,18,31,0,0,0,10,50,0,0,0,31,7,12,0,0,0,0,0,0,0,0,0,0,47,36,21,0,42,17,0,0,0,
0,0,0,0,0,0,0,0,0,0,0,0,0,0,20,0,0,0,25,0,0,32,16,13,0,12,30,2,0,0,44,40,0,0,28,0,43,0,0,0,37,0,33,0,0,0,0,5,45,0,
0,35,13,0,0,0,0,11,0,22,34,0,0,0,0,12,49,0,0,0,0,0,35,0,28,0,0,0,40,0,14,0,0,0,0,0,0,0,0,0,7,0,0,33,0,0,0,0,39,0,
5,0,0,25,27,0,0,43,0,44,0,0,0,40,0,0,39,0,39,0,0,28,21,11,33,0,46,0,0,0,43,0,0,0,19,4,0,31,0,28,0,0,13,0,0,0,0,19,0,25,
14,7,0,0,34,31,0,0,0,48,10,14,0,45,0,0,32,0,28,15,0,3,38,0,0,0,0,0,0,0,0,0,28,0,0,0,0,0,43,0,0,10,9,25,0,0,0,0,0,0,
50,2,0,0,37,0,0,0,0,0,6,36,35,3,0,0,43,0,44,0,0,25,34,41,0,0,2,0,0,0,0,34,0,0,35,0,40,0,0,0,0,8,46,42,11,50,0,0,0,0,
6,0,0,0,42,0,0,42,18,8,0,7,0,13,0,41,0,0,0,0,48,10,22,49,0,0,0,0,24,0,0,0,34,0,0,0,0,0,0,0,0,0,0,46,49,0,0,0,11,26,
0,13,0,10,0,0,0,0,0,9,39,0,42,0,0,0,31,29,39,0,0,45,0,10,0,0,19,0,0,0,0,0,50,22,0,49,0,0,0,0,0,31,21,5,0,0,34,1,1,0,
0,0,0,0,0,0,0,0,33,0,0,0,44,0,0,0,23,24,0,0,0,0,0,0,38,0,0,9,0,0,0,9,0,0,0,3,34,0,0,42,44,28,0,0,0,0,0,0,0,0,
0,28,46,0,42,0,0,7,0,34,0,5,0,38,43,0,0,0,5,0,46,0,14,0,20,0,35,31,0,0,0,0,41,17,0,0,29,0,0,0,38,42,0,0,27,0,0,37,0,37,
0,0,0,24,0,43,0,0,0,0,0,34,0,6,0,50,0,17,25,0,0,0,39,34,0,0,0,0,0,0,32,12,0,0,0,37,0,0,0,0,0,22,0,47,15,0,0,0,0,5,
0,0,41,0,0,0,3,46,0,0,0,0,0,37,0,9,0,0,0,0,0,50,42,10,47,18,0,20,0,0,0,0,13,7,0,2,0,48,0,0,0,24,0,0,0,0,42,3,0,0,
0,33,0,19,0,46,0,31,17,39,0,0,0,14,0,33,0,1,9,11,23,27,14,0,0,0,0,0,1,3,0,3,0,0,0,18,0,0,2,0,0,0,0,0,18,0,0,4,48,0,
33,0,0,40,25,22,0,38,25,35,36,0,18,45,36,0,0,36,0,0,0,0,0,0,23,17,37,0,0,32,30,9,0,0,0,0,12,41,0,0,0,28,10,0,41,8,0,0,0,0,
47,14,0,0,0,0,20,18,33,0,0,0,0,0,43,0,0,30,0,0,0,0,0,0,0,28,0,0,0,0,47,42,0,0,0,30,10,0,42,0,49,0,0,0,0,0,0,0,5,48,
0,0,41,47,10,0,0,0,0,10,0,0,15,0,0,39,48,0,0,31,0,32,44,0,0,0,0,40,0,10,0,0,0,9,0,15,25,0,0,0,0,21,0,27,0,29,0,36,0,14,
16,10,0,0,0,16,0,24,0,0,0,0,21,0,16,0,0,0,42,7,21,0,0,2,41,0,2,48,0,0,18,20,0,0,15,0,42,50,13,0,5,0,36,0,0,0,0,0,37,0,
0,0,0,0,0,0,0,19,0,0,0,0,0,31,6,0,0,18,43,0,0,33,0,0,0,0,0,0,22,42,26,37,18,27,28,0,0,45,42,0,0,0,0,19,5,0,0,0,0,16,
28,46,19,26,0,3,0,0,0,0,0,0,0,0,0,49,0,0,0,0,46,5,25,0,36,0,0,15,0,44,0,0,0,0,0,0,0,0,0,0,0,49,0,0,0,0,0,26,0,14,
0,0,28,0,33,0,21,0,0,21,15,0,0,0,0,0,0,13,0,0,0,0,0,19,0,13,0,17,45,12,0,0,0,0,22,45,35,0,0,0,42,0,41,0,0,0,0,0,40,0,
0,16,0,0,0,0,0,0,0,0,0,19,0,0,0,0,0,0,0,0,0,0,0,0,17,0,26,1,0,39,29,0,0,39,0,10,10,8,0,33,0,0,13,16,0,0,0,9,0,2,
0,0,0,8,0,0,42,0,0,0,0,17,26,0,34,0,39,0,0,9,0,0,24,0,35,0,0,0,0,0,47,24,48,6,0,0,0,0,0,0,37,7,0,0,0,0,0,0,0,0,
0,0,0,0,0,0,22,43,0,0,0,0,47,0,0,33,2,0,0,35,0,0,0,30,13,0,21,0,31,1,0,0,0,0,0,50,3,8,0,0,0,19,0,0,0,32,43,12,0,0,
0,0,16,39,0,0,39,35,0,49,21,25,43,15,0,0,0,0,0,41,0,20,0,0,29,25,0,26,0,0,0,19,0,0,15,0,2,49,0,0,43,17,0,0,0,0,5,34,0,0,
0,0,0,0,18,0,50,0,7,0,0,0,0,14,45,0,1,0,0,0,46,36,0,17,0,33,34,0,47,0,42,33,0,0,45,0,26,0,0,0,8,0,44,12,0,9,0,13,35,0,
43,29,7,0,0,32,0,0,0,45,0,0,0,7,0,0,0,0,37,9,0,50,20,9,0,0,0,26,0,41,0,0,24,22,0,0,0,6,0,0,0,0,41,20,49,0,35,50,26,0,
0,0,0,0,30,0,40,27,0,10,8,0,0,0,4,17,0,0,0,22,29,0,40,17,26,41,44,0,0,34,25,0,0,20,0,19,16,0,0,0,0,0,0,0,48,0,18,0,45,0,
9,0,0,0,50,0,0,6,0,0,24,0,25,0,0,0,1,0,0,0,0,0,0,43,0,11,42,0,0,0,0,0,0,0,0,0,0,0,47,42,0,0,0,0,0,26,0,0,49,4,
42,0,0,14,0,0,0,21,16,0,0,0,13,9,0,44,0,0,44,18,37,0,47,0,29,0,0,0,0,0,32,0,0,0,0,0,0,25,30,26,0,0,0,0,0,0,0,0,0,0,
0,0,0,0,0,34,0,32,1,0,28,7,16,26,0,17,0,0,39,0,0,22,0,1,0,0,33,0,39,0,15,0,26,0,30,0,0,10,0,48,0,6,0,34,0,2,0,0,0,21,
0,15,0,11,38,46,0,42,35,0,0,16,0,0,0,31,4,1,0,31,18,0,0,0,38,14,42,0,0,43,0,0,0,0,47,0,0,0,0,9,34,0,0,0,0,0,27,0,0,0,
0,0,45,0,39,43,0,0,45,0,8,34,0,0,23,0,0,26,0,43,0,0,0,0,0,44,0,0,0,18,0,0,42,0,0,0,10,0,42,40,0,0,0,0,28,37,0,0,0,0,
0,19,0,0,48,0,39,47,0,7,6,41,5,0,27,0,0,0,29,0,0,0,45,17,3,49,0,0,34,22,0,22,45,7,30,44,17,0,0,0,12,13,0,43,5,0,0,0,27,50,
0,16,0,3,0,48,0,49,0,0,41,0,0,43,0,29,0,0,0,19,37,0,0,0,29,0,27,47,17,42,31,0,27,42,0,29,14,17,31,0,0,24,0,36,0,31,1,0,0,40,
2,3,0,0,0,0,44,0,0,0,0,22,0,19,19,0,28,0,24,42,0,27,0,0,0,0,0,0,0,0,0,0,0,0,0,13,31,11,44,20,0,31,14,44,0,0,33,28,34,0,
23,0,0,0,0,0,25,0,0,32,0,0,0,4,29,0,10,0,8,13,0,24,20,5,35,5,0,0,0,0,33,0,0,0,32,0,47,30,0,36,0,46,0,4,0,0,37,0,6,3,
0,0,0,21,1,0,20,0,0,3,19,0,0,45,0,0,0,41,0,0,21,12,0,0,0,28,0,0,0,11,0,0,31,0,0,0,0,0,11,0,19,0,49,0,0,26,0,14,16,0,
0,0,24,26,0,0,0,0,37,0,18,0,50,0,0,0,0,39,0,0,0,0,25,0,0,0,0,0,0,31,27,0,0,0,13,0,0,0,0,0,0,0,0,0,0,0,2,15,0,0,
0,41,0,12,0,0,0,17,0,22,34,0,0,9,0,40,0,0,0,0,0,0,0,3,0,0,4,20,1,0,0,0,0,0,23,47,49,0,0,0,0,31,0,0,42,0,18,0,0,0,
0,0,49,0,0,26,0,2,0,22,0,0,0,2,33,0,0,39,0,16,0,0,3,0,13,0,23,0,13,0,0,0,0,0,0,0,39,34,0,10,40,6,0,7,0,3,30,0,42,42,
40,49,0,0,0,44,9,0,26,0,0,32,0,37,26,0,0,0,0,0,0,0,0,24,0,0,0,0,0,27,18,21,31,0,3,48,20,43,20,0,0,0,39,0,16,0,2,27,49,0,
0,38,0,0,19,18,0,0,0,13,1,0,23,4,0,0,0,0,0,0,18,0,0,0,0,8,14,17,14,0,30,0,26,0,0,45,0,0,0,0,18,22,0,0,43,0,6,8,0,34,
31,0,0,33,0,0,0,0,0,0,38,0,0,0,0,3,32,0,0,0,0,8,0,12,0,0,0,30,26,14,2,0,0,16,16,0,0,0,0,27,0,0,2,19,29,0,14,0,11,0,
0,0,0,0,0,7,0,0,0,0,0,30,0,45,36,0,0,45,0,8,0,0,37,25,0,5,0,0,36,0,24,42,0,8,0,0,40,30,49,0,0,11,33,0,0,0,1,0,30,0,
0,0,0,0,0,0,33,0,0,0,46,0,0,34,0,35,0,0,0,44,0,16,0,0,0,30,0,0,0,0,0,0,0,0,49,43,13,1,0,49,0,0,8,0,45,27,0,0,0,0,
41,0,0,6,0,0,11,0,0,20,0,0,0,25,12,0,32,0,0,4,37,0,27,0,0,0,16,44,0,0,49,0,0,0,0,0,0,3,0,0,0,0,0,0,7,0,32,28,29,0,
0,0,7,0,28,46,2,0,0,38,0,0,23,0,0,0,0,34,0,15,43,0,0,0,15,1,0,2,13,0,16,7,35,8,18,32,11,15,48,0,0,0,0,38,8,0,0,0,31,0,
0,0,20,0,0,0,12,12,0,18,48,48,8,4,0,0,0,0,0,0,0,0,18,45,33,0,41,0,0,0,3,0,0,13,28,0,21,0,0,8,0,0,0,0,0,0,0,42,0,0,
0,7,49,0,0,26,15,0,0,0,0,9,0,0,0,0,7,0,0,10,36,48,0,0,0,0,0,0,0,0,0,0,0,20,0,41,0,2,0,0,0,0,0,0,43,0,0,0,0,41,
0,37,0,23,0,4,0,0,0,35,0,19,0,40,24,0,18,32,19,0,31,0,0,29,0,0,18,38,32,25,0,0,10,24,0,32,0,0,3,0,42,0,0,0,0,16,24,0,0,0,
0,0,45,0,3,0,0,1,5,0,0,0,0,0,36,16,0,37,0,36,0,0,19,6,18,11,0,0,34,0,0,0,0,40,0,0,0,0,3,0,0,38,38,9,42,0,0,7,12,0,
50,0,22,0,0,0,11,0,0,13,0,0,7,46,0,0,0,0,0,0,36,11,0,28,0,19,44,0,8,0,0,14,0,0,0,44,0,0,0,0,25,0,0,0,33,0,15,0,0,27,
22,0,9,0,0,38,0,4,0,0,0,49,15,44,43,18,6,15,0,0,39,0,0,0,0,40,18,0,48,0,0,0,0,9,0,0,28,0,0,2,16,0,0,0,3,0,35,25,1,0,
0,0,0,0,0,4,6,0,0,0,0,10,0,0,0,0,0,50,0,0,12,0,0,38,0,0,26,0,0,0,0,38,0,41,45,0,0,48,0,0,0,14,50,3,39,0,0,0,36,25,
0,21,0,36,0,41,7,0,0,0,0,42,31,0,0,0,0,0,21,0,40,47,0,16,0,0,0,0,0,0,0,0,23,30,0,0,0,50,0,0,0,37,26,0,0,25,0,15,41,0,
0,0,0,35,0,23,0,5,11,0,0,0,0,26,34,0,28,0,0,12,0,32,0,0,0,45,27,25,0,0,30,19,0,34,45,22,0,9,15,0,7,0,0,0,0,39,0,34,10,0,
0,0,0,26,49,0,0,0,0,24,0,0,0,0,0,0,0,0,0,35,0,0,27,0,0,33,0,43,42,0,0,0,42,0,0,0,0,29,29,0,0,9,45,0,0,0,0,34,0,0,
0,11,0,7,47,0,0,2,27,0,30,19,0,0,40,0,0,0,0,0,38,0,0,8,0,0,12,0,29,37,23,0,0,0,0,2,0,28,0,22,48,25,0,0,4,0,42,0,46,0,
0,0,0,0,20,0,0,1,0,21,43,0,42,0,29,0,0,28,0,0,32,0,0,41,0,17,0,0,20,34,0,7,10,32,0,0,11,0,0,0,0,0,0,21,0,0,0,0,0,0,
0,0,0,15,10,46,0,11,0,9,12,43,0,4,27,0,0,0,0,0,0,0,41,0,0,0,43,0,0,0,0,0,0,14,31,5,20,0,39,38,4,0,33,0,0,0,17,15,0,28,
44,20,26,30,0,23,10,0,34,0,28,0,0,0,0,17,0,0,50,24,28,18,12,33,0,0,0,0,0,0,0,0,39,8,0,38,2,0,35,0,0,0,0,21,0,2,45,0,15,0,
36,28,26,0,0,0,0,0,12,0,4,27,5,0,0,0,25,0,0,5,0,0,0,0,0,8,0,35,0,5,0,46,0,0,0,47,0,0,42,20,0,0,30,0,0,0,0,0,0,0,
35,36,25,40,0,22,0,0,0,0,38,0,8,0,0,10,0,9,0,28,44,41,0,49,0,0,0,0,0,7,32,0,0,0,44,29,39,0,0,0,0,0,0,0,0,31,0,8,0,0,
31,0,25,0,0,4,0,45,0,14,0,0,17,0,8,0,0,33,0,0,0,0,2,24,0,0,0,0,33,1,45,5,0,0,30,8,48,0,43,0,40,30,24,0,24,0,0,0,0,0,
0,39,0,37,0,46,0,15,0,0,8,0,0,7,0,0,0,0,38,0,31,0,0,12,0,0,27,0,0,0,47,0,16,17,0,0,1,46,0,10,47,0,23,0,0,19,15,0,5,0,
41,19,16,0,0,26,30,0,0,0,21,0,43,0,0,40,0,6,0,0,37,0,0,0,0,44,0,27,0,0,0,0,3,1,0,50,0,31,0,1,33,0,0,0,4,28,0,37,11,5,
0,0,0,0,46,13,19,3,0,28,0,0,0,0,0,0,26,0,0,0,0,45,0,0,17,23,0,0,16,0,42,0,0,0,0,36,0,0,0,0,0,6,0,0,32,24,21,0,0,0,
39,10,0,0,33,0,0,0,0,0,22,0,43,0,49,43,0,17,27,15,0,0,0,0,34,0,0,0,0,11,50,0,0,0,0,0,26,24,18,14,0,21,50,0,6,0,0,0,0,0,
0,23,0,0,24,0,3,42,50,0,0,31,0,0,8,0,0,0,4,33,0,0,0,0,22,0,0,0,0,0,0,39,24,0,0,0,32,31,0,0,0,31,0,0,0,41,0,44,0,19,
0,0,37,0,40,0,0,18,16,44,0,0,13,0,0,1,49,36,0,0,26,0,0,39,30,0,0,14,0,0,0,0,18,0,0,0,0,38,42,34,0,47,6,1,20,0,0,0,0,0,
0,0,8,0,32,0,0,0,45,9,4,0,0,0,25,0,0,0,0,0,35,36,0,0,0,0,37,0,0,33,0,31,28,0,20,0,0,0,0,17,0,0,8,0,32,45,36,24,16,12,
9,0,7,0,0,0,0,0,0,0,0,0,17,11,27,0,0,26,43,0,0,0,0,0,0,0,0,0,0,32,7,0,0,13,0,0,11,0,27,0,0,0,0,0,42,9,23,0,0,0,
